Data;Hora;Chuva;Nivel ;Vazao
01/04/2024;00:00:00;0.00;172.00;94.00
01/04/2024;01:00:00;0.00;170.00;90.90
01/04/2024;02:00:00;0.00;169.00;89.40
01/04/2024;03:00:00;0.00;168.00;87.80
01/04/2024;04:00:00;0.00;166.00;84.50
01/04/2024;05:00:00;0.00;165.00;83.40
01/04/2024;06:00:00;0.00;164.00;82.20
01/04/2024;07:00:00;0.00;162.00;79.90
01/04/2024;08:00:00;0.00;161.00;78.80
01/04/2024;09:00:00;0.00;160.00;77.70
01/04/2024;10:00:00;0.00;158.00;75.50
01/04/2024;11:00:00;0.00;157.00;74.40
01/04/2024;12:00:00;0.00;156.00;73.30
01/04/2024;13:00:00;0.00;156.00;73.30
01/04/2024;14:00:00;0.00;155.00;72.20
01/04/2024;15:00:00;0.00;154.00;71.10
01/04/2024;16:00:00;0.00;154.00;71.10
01/04/2024;17:00:00;0.00;153.00;70.10
01/04/2024;18:00:00;0.00;153.00;70.10
01/04/2024;19:00:00;0.00;153.00;70.10
01/04/2024;20:00:00;0.00;152.00;69.00
01/04/2024;21:00:00;0.00;152.00;69.00
01/04/2024;22:00:00;0.00;151.00;68.00
01/04/2024;23:00:00;0.00;151.00;68.00
02/04/2024;00:00:00;0.00;151.00;68.00
02/04/2024;01:00:00;0.00;151.00;68.00
02/04/2024;02:00:00;0.00;150.00;66.90
02/04/2024;03:00:00;0.00;150.00;66.90
02/04/2024;04:00:00;0.00;150.00;66.90
02/04/2024;05:00:00;0.00;150.00;66.90
02/04/2024;06:00:00;0.00;149.00;65.90
02/04/2024;07:00:00;0.00;149.00;65.90
02/04/2024;08:00:00;0.00;148.00;64.90
02/04/2024;09:00:00;0.00;148.00;64.90
02/04/2024;10:00:00;0.00;147.00;63.80
02/04/2024;11:00:00;0.00;146.00;62.80
02/04/2024;12:00:00;0.00;146.00;62.80
02/04/2024;13:00:00;0.00;145.00;61.80
02/04/2024;14:00:00;0.00;145.00;61.80
02/04/2024;15:00:00;0.00;145.00;61.80
02/04/2024;16:00:00;0.00;144.00;60.80
02/04/2024;17:00:00;0.00;143.00;59.90
02/04/2024;18:00:00;0.00;143.00;59.90
02/04/2024;19:00:00;0.00;143.00;59.90
02/04/2024;20:00:00;0.00;143.00;59.90
02/04/2024;21:00:00;0.00;143.00;59.90
02/04/2024;22:00:00;0.00;143.00;59.90
02/04/2024;23:00:00;0.00;143.00;59.90
03/04/2024;00:00:00;0.00;142.00;58.90
03/04/2024;01:00:00;0.00;142.00;58.90
03/04/2024;02:00:00;0.00;142.00;58.90
03/04/2024;03:00:00;0.00;142.00;58.90
03/04/2024;04:00:00;0.00;142.00;58.90
03/04/2024;05:00:00;0.00;142.00;58.90
03/04/2024;06:00:00;0.00;141.00;57.90
03/04/2024;07:00:00;0.00;141.00;57.90
03/04/2024;08:00:00;0.00;140.00;57.00
03/04/2024;09:00:00;0.00;140.00;57.00
03/04/2024;10:00:00;0.00;140.00;57.00
03/04/2024;11:00:00;0.00;139.00;56.00
03/04/2024;12:00:00;0.00;139.00;56.00
03/04/2024;13:00:00;0.00;139.00;56.00
03/04/2024;14:00:00;0.00;138.00;55.10
03/04/2024;15:00:00;0.00;139.00;56.00
03/04/2024;16:00:00;0.00;138.00;55.10
03/04/2024;17:00:00;0.00;138.00;55.10
03/04/2024;18:00:00;0.00;138.00;55.10
03/04/2024;19:00:00;0.00;137.00;54.10
03/04/2024;20:00:00;0.00;137.00;54.10
03/04/2024;21:00:00;0.00;137.00;54.10
03/04/2024;22:00:00;0.00;137.00;54.10
03/04/2024;23:00:00;0.00;137.00;54.10
04/04/2024;00:00:00;0.00;137.00;54.10
04/04/2024;01:00:00;0.00;137.00;54.10
04/04/2024;02:00:00;0.00;137.00;54.10
04/04/2024;03:00:00;0.00;137.00;54.10
04/04/2024;04:00:00;0.00;137.00;54.10
04/04/2024;05:00:00;0.00;137.00;54.10
04/04/2024;06:00:00;0.00;137.00;54.10
04/04/2024;07:00:00;0.00;137.00;54.10
04/04/2024;08:00:00;0.00;137.00;54.10
04/04/2024;09:00:00;0.00;137.00;54.10
04/04/2024;10:00:00;0.00;137.00;54.10
04/04/2024;11:00:00;0.00;134.00;51.40
04/04/2024;12:00:00;0.00;137.00;54.10
04/04/2024;13:00:00;0.00;135.00;52.30
04/04/2024;14:00:00;0.00;136.00;53.20
04/04/2024;15:00:00;0.00;136.00;53.20
04/04/2024;16:00:00;0.00;136.00;53.20
04/04/2024;17:00:00;0.00;136.00;53.20
04/04/2024;18:00:00;0.20;136.00;53.20
04/04/2024;19:00:00;0.00;136.00;53.20
04/04/2024;20:00:00;0.20;135.00;52.30
04/04/2024;21:00:00;0.00;135.00;52.30
04/04/2024;22:00:00;0.00;135.00;52.30
04/04/2024;23:00:00;0.00;135.00;52.30
05/04/2024;00:00:00;0.00;135.00;52.30
05/04/2024;01:00:00;0.00;134.00;51.40
05/04/2024;02:00:00;0.00;135.00;52.30
05/04/2024;03:00:00;0.00;134.00;51.40
05/04/2024;04:00:00;0.00;134.00;51.40
05/04/2024;05:00:00;0.00;134.00;51.40
05/04/2024;06:00:00;1.80;134.00;51.40
05/04/2024;07:00:00;0.00;134.00;51.40
05/04/2024;08:00:00;0.00;134.00;51.40
05/04/2024;09:00:00;0.00;134.00;51.40
05/04/2024;10:00:00;0.00;133.00;50.50
05/04/2024;11:00:00;0.00;133.00;50.50
05/04/2024;12:00:00;0.00;132.00;49.60
05/04/2024;13:00:00;0.00;132.00;49.60
05/04/2024;14:00:00;0.20;131.00;48.70
05/04/2024;15:00:00;0.00;132.00;49.60
05/04/2024;16:00:00;0.00;132.00;49.60
05/04/2024;17:00:00;0.00;133.00;50.50
05/04/2024;18:00:00;0.00;134.00;51.40
05/04/2024;19:00:00;0.00;134.00;51.40
05/04/2024;20:00:00;0.00;134.00;51.40
05/04/2024;21:00:00;0.00;134.00;51.40
05/04/2024;22:00:00;0.00;135.00;52.30
05/04/2024;23:00:00;0.00;135.00;52.30
06/04/2024;00:00:00;0.00;136.00;53.20
06/04/2024;01:00:00;0.00;138.00;55.10
06/04/2024;02:00:00;0.00;139.00;56.00
06/04/2024;03:00:00;0.00;139.00;56.00
06/04/2024;04:00:00;0.00;138.00;55.10
06/04/2024;05:00:00;0.00;138.00;55.10
06/04/2024;06:00:00;0.00;139.00;56.00
06/04/2024;07:00:00;0.00;140.00;57.00
06/04/2024;08:00:00;0.00;142.00;58.90
06/04/2024;09:00:00;0.00;142.00;58.90
06/04/2024;10:00:00;0.00;141.00;57.90
06/04/2024;11:00:00;0.00;140.00;57.00
06/04/2024;12:00:00;0.00;139.00;56.00
06/04/2024;13:00:00;0.00;139.00;56.00
06/04/2024;14:00:00;0.00;139.00;56.00
06/04/2024;15:00:00;0.00;139.00;56.00
06/04/2024;16:00:00;0.00;139.00;56.00
06/04/2024;17:00:00;0.00;139.00;56.00
06/04/2024;18:00:00;0.00;139.00;56.00
06/04/2024;19:00:00;0.00;138.00;55.10
06/04/2024;20:00:00;0.00;138.00;55.10
06/04/2024;21:00:00;0.00;137.00;54.10
06/04/2024;22:00:00;0.00;138.00;55.10
06/04/2024;23:00:00;0.00;139.00;56.00
07/04/2024;00:00:00;0.00;139.00;56.00
07/04/2024;01:00:00;0.00;140.00;57.00
07/04/2024;02:00:00;0.00;142.00;58.90
07/04/2024;03:00:00;0.00;143.00;59.90
07/04/2024;04:00:00;0.00;144.00;60.80
07/04/2024;05:00:00;0.00;148.00;64.90
07/04/2024;06:00:00;0.00;176.00;100.40
07/04/2024;07:00:00;0.00;181.00;108.60
07/04/2024;08:00:00;0.00;181.00;108.60
07/04/2024;09:00:00;2.40;181.00;108.60
07/04/2024;10:00:00;1.00;179.00;105.30
07/04/2024;11:00:00;0.00;178.00;103.60
07/04/2024;12:00:00;0.00;177.00;102.00
07/04/2024;13:00:00;0.00;176.00;100.40
07/04/2024;14:00:00;0.00;175.00;98.80
07/04/2024;15:00:00;0.00;174.00;97.20
07/04/2024;16:00:00;0.00;173.00;95.60
07/04/2024;17:00:00;0.00;173.00;95.60
07/04/2024;18:00:00;0.00;172.00;94.00
07/04/2024;19:00:00;0.00;170.00;90.90
07/04/2024;20:00:00;0.00;169.00;89.40
07/04/2024;21:00:00;0.00;168.00;87.80
07/04/2024;22:00:00;0.00;168.00;87.80
07/04/2024;23:00:00;0.00;167.00;86.30
08/04/2024;00:00:00;0.00;167.00;86.30
08/04/2024;01:00:00;0.00;166.00;84.50
08/04/2024;02:00:00;0.00;165.00;83.40
08/04/2024;03:00:00;0.00;165.00;83.40
08/04/2024;04:00:00;0.00;165.00;83.40
08/04/2024;05:00:00;0.00;164.00;82.20
08/04/2024;06:00:00;0.00;163.00;81.10
08/04/2024;07:00:00;0.00;162.00;79.90
08/04/2024;08:00:00;0.00;161.00;78.80
08/04/2024;09:00:00;0.00;160.00;77.70
08/04/2024;10:00:00;0.00;159.00;76.60
08/04/2024;11:00:00;0.00;157.00;74.40
08/04/2024;12:00:00;0.00;156.00;73.30
08/04/2024;13:00:00;0.00;156.00;73.30
08/04/2024;14:00:00;0.00;155.00;72.20
08/04/2024;15:00:00;0.00;154.00;71.10
08/04/2024;16:00:00;0.00;154.00;71.10
08/04/2024;17:00:00;0.00;154.00;71.10
08/04/2024;18:00:00;0.00;154.00;71.10
08/04/2024;19:00:00;0.00;154.00;71.10
08/04/2024;20:00:00;0.00;154.00;71.10
08/04/2024;21:00:00;0.00;154.00;71.10
08/04/2024;22:00:00;0.00;154.00;71.10
08/04/2024;23:00:00;0.00;154.00;71.10
09/04/2024;00:00:00;0.00;154.00;71.10
09/04/2024;01:00:00;0.00;153.00;70.10
09/04/2024;02:00:00;0.00;153.00;70.10
09/04/2024;03:00:00;0.00;153.00;70.10
09/04/2024;04:00:00;0.00;153.00;70.10
09/04/2024;05:00:00;0.00;152.00;69.00
09/04/2024;06:00:00;0.00;152.00;69.00
09/04/2024;07:00:00;0.00;151.00;68.00
09/04/2024;08:00:00;0.00;151.00;68.00
09/04/2024;09:00:00;0.00;151.00;68.00
09/04/2024;09:01:00;0.00;151.00;68.00
09/04/2024;10:00:00;0.00;151.00;68.00
09/04/2024;11:00:00;0.00;150.00;66.90
09/04/2024;12:00:00;0.00;150.00;66.90
09/04/2024;13:00:00;0.00;150.00;66.90
09/04/2024;14:00:00;0.00;150.00;66.90
09/04/2024;15:00:00;0.00;150.00;66.90
09/04/2024;16:00:00;0.00;150.00;66.90
09/04/2024;17:00:00;0.00;150.00;66.90
09/04/2024;18:00:00;0.00;150.00;66.90
09/04/2024;19:00:00;0.00;150.00;66.90
09/04/2024;20:00:00;0.00;150.00;66.90
09/04/2024;21:00:00;0.00;150.00;66.90
09/04/2024;22:00:00;0.00;150.00;66.90
09/04/2024;23:00:00;0.00;150.00;66.90
10/04/2024;00:00:00;0.00;149.00;65.90
10/04/2024;01:00:00;0.00;149.00;65.90
10/04/2024;02:00:00;0.00;149.00;65.90
10/04/2024;03:00:00;0.00;149.00;65.90
10/04/2024;04:00:00;0.00;148.00;64.90
10/04/2024;05:00:00;0.00;148.00;64.90
10/04/2024;06:00:00;0.00;148.00;64.90
10/04/2024;07:00:00;0.00;147.00;63.80
10/04/2024;08:00:00;0.00;147.00;63.80
10/04/2024;09:00:00;0.00;146.00;62.80
10/04/2024;10:00:00;0.00;146.00;62.80
10/04/2024;11:00:00;0.00;146.00;62.80
10/04/2024;12:00:00;0.00;145.00;61.80
10/04/2024;13:00:00;0.00;145.00;61.80
10/04/2024;14:00:00;0.00;145.00;61.80
10/04/2024;15:00:00;0.00;145.00;61.80
10/04/2024;16:00:00;0.00;143.00;59.90
10/04/2024;17:00:00;0.00;143.00;59.90
10/04/2024;18:00:00;0.00;143.00;59.90
10/04/2024;19:00:00;0.00;143.00;59.90
11/04/2024;00:00:00;0.00;142.00;58.90
11/04/2024;01:00:00;0.00;141.00;57.90
11/04/2024;02:00:00;0.00;141.00;57.90
11/04/2024;03:00:00;0.00;141.00;57.90
11/04/2024;04:00:00;0.00;141.00;57.90
11/04/2024;05:00:00;5.60;142.00;58.90
11/04/2024;06:00:00;7.20;142.00;58.90
11/04/2024;07:00:00;4.40;142.00;58.90
11/04/2024;08:00:00;3.40;143.00;59.90
11/04/2024;09:00:00;0.80;144.00;60.80
11/04/2024;10:00:00;0.60;145.00;61.80
11/04/2024;11:00:00;0.00;146.00;62.80
11/04/2024;12:00:00;0.00;146.00;62.80
11/04/2024;13:00:00;0.00;146.00;62.80
11/04/2024;14:00:00;0.00;145.00;61.80
11/04/2024;15:00:00;1.60;145.00;61.80
11/04/2024;16:00:00;0.40;145.00;61.80
11/04/2024;17:00:00;0.20;144.00;60.80
11/04/2024;18:00:00;0.20;143.00;59.90
11/04/2024;19:00:00;0.80;143.00;59.90
11/04/2024;20:00:00;2.00;143.00;59.90
11/04/2024;21:00:00;0.00;143.00;59.90
11/04/2024;22:00:00;0.00;142.00;58.90
11/04/2024;23:00:00;0.00;142.00;58.90
12/04/2024;00:00:00;0.00;142.00;58.90
12/04/2024;01:00:00;0.00;142.00;58.90
12/04/2024;02:00:00;0.00;142.00;58.90
12/04/2024;03:00:00;0.00;142.00;58.90
12/04/2024;04:00:00;0.00;142.00;58.90
12/04/2024;05:00:00;0.00;142.00;58.90
12/04/2024;06:00:00;0.00;142.00;58.90
12/04/2024;07:00:00;0.00;141.00;57.90
12/04/2024;08:00:00;0.00;141.00;57.90
12/04/2024;09:00:00;0.00;141.00;57.90
12/04/2024;10:00:00;0.00;141.00;57.90
12/04/2024;11:00:00;0.00;141.00;57.90
12/04/2024;12:00:00;0.00;141.00;57.90
12/04/2024;13:00:00;0.00;141.00;57.90
12/04/2024;14:00:00;0.00;141.00;57.90
12/04/2024;15:00:00;0.00;140.00;57.00
12/04/2024;16:00:00;1.20;140.00;57.00
12/04/2024;17:00:00;0.40;140.00;57.00
12/04/2024;18:00:00;1.20;140.00;57.00
12/04/2024;19:00:00;0.80;140.00;57.00
12/04/2024;20:00:00;0.20;140.00;57.00
12/04/2024;21:00:00;0.20;140.00;57.00
12/04/2024;22:00:00;0.00;140.00;57.00
12/04/2024;23:00:00;0.00;140.00;57.00
13/04/2024;00:00:00;0.00;140.00;57.00
13/04/2024;01:00:00;0.00;140.00;57.00
13/04/2024;02:00:00;0.00;140.00;57.00
13/04/2024;03:00:00;0.00;140.00;57.00
13/04/2024;04:00:00;0.00;140.00;57.00
13/04/2024;05:00:00;0.00;140.00;57.00
13/04/2024;06:00:00;0.00;141.00;57.90
13/04/2024;07:00:00;0.00;141.00;57.90
13/04/2024;08:00:00;0.00;141.00;57.90
13/04/2024;09:00:00;0.00;141.00;57.90
13/04/2024;10:00:00;0.00;140.00;57.00
13/04/2024;11:00:00;0.00;139.00;56.00
13/04/2024;12:00:00;0.00;139.00;56.00
13/04/2024;13:00:00;0.00;139.00;56.00
13/04/2024;14:00:00;0.00;138.00;55.10
13/04/2024;15:00:00;0.00;138.00;55.10
13/04/2024;16:00:00;0.00;138.00;55.10
13/04/2024;17:00:00;0.00;138.00;55.10
13/04/2024;18:00:00;0.00;139.00;56.00
13/04/2024;19:00:00;0.00;139.00;56.00
13/04/2024;20:00:00;0.00;139.00;56.00
13/04/2024;21:00:00;0.20;139.00;56.00
13/04/2024;22:00:00;2.80;139.00;56.00
13/04/2024;23:00:00;19.80;140.00;57.00
14/04/2024;00:00:00;19.60;144.00;60.80
14/04/2024;01:00:00;8.60;185.00;115.30
14/04/2024;02:00:00;3.00;197.00;136.30
14/04/2024;03:00:00;3.20;200.00;141.80
14/04/2024;04:00:00;0.80;203.00;147.30
14/04/2024;05:00:00;0.00;206.00;152.90
14/04/2024;06:00:00;0.00;211.00;162.50
14/04/2024;07:00:00;0.00;214.00;168.30
14/04/2024;08:00:00;0.00;218.00;176.20
14/04/2024;09:00:00;0.00;217.00;174.20
14/04/2024;10:00:00;0.00;215.00;170.30
14/04/2024;11:00:00;0.00;214.00;168.30
14/04/2024;12:00:00;0.00;212.00;164.40
14/04/2024;13:00:00;0.00;211.00;162.50
14/04/2024;14:00:00;0.00;210.00;160.60
14/04/2024;15:00:00;0.00;208.00;156.70
14/04/2024;16:00:00;0.00;206.00;152.90
14/04/2024;17:00:00;0.00;204.00;149.20
14/04/2024;18:00:00;0.00;202.00;145.50
14/04/2024;19:00:00;0.00;200.00;141.80
14/04/2024;20:00:00;0.00;198.00;138.10
14/04/2024;21:00:00;0.00;197.00;136.30
14/04/2024;22:00:00;0.00;195.00;132.70
14/04/2024;23:00:00;0.00;193.00;129.20
15/04/2024;00:00:00;0.00;192.00;127.40
15/04/2024;01:00:00;0.00;191.00;125.60
15/04/2024;02:00:00;0.00;190.00;123.90
15/04/2024;03:00:00;0.00;189.00;122.20
15/04/2024;04:00:00;0.00;187.00;118.70
15/04/2024;05:00:00;0.00;187.00;118.70
15/04/2024;06:00:00;0.00;193.00;129.20
15/04/2024;07:00:00;0.00;222.00;184.20
15/04/2024;08:00:00;0.00;246.00;235.20
15/04/2024;09:00:00;0.00;251.00;246.40
15/04/2024;10:00:00;0.00;252.00;248.60
15/04/2024;11:00:00;0.00;252.00;248.60
15/04/2024;12:00:00;0.00;251.00;246.40
15/04/2024;13:00:00;0.00;248.00;239.60
15/04/2024;14:00:00;0.00;244.00;230.75
15/04/2024;15:00:00;0.00;240.00;222.00
15/04/2024;16:00:00;0.00;236.00;213.38
15/04/2024;17:00:00;0.00;231.00;202.79
15/04/2024;18:00:00;0.00;228.00;196.53
15/04/2024;19:00:00;0.00;224.00;188.30
15/04/2024;20:00:00;0.00;220.00;180.20
15/04/2024;21:00:00;0.40;217.00;174.22
15/04/2024;22:00:00;0.00;214.00;168.31
15/04/2024;23:00:00;0.00;212.00;164.41
16/04/2024;00:00:00;0.00;209.00;158.64
16/04/2024;01:00:00;0.00;206.00;152.94
16/04/2024;02:00:00;0.00;204.00;149.18
16/04/2024;03:00:00;0.00;201.00;143.61
16/04/2024;04:00:00;0.00;200.00;141.77
16/04/2024;05:00:00;0.00;198.00;138.12
16/04/2024;06:00:00;0.00;197.00;136.31
16/04/2024;07:00:00;0.00;195.00;132.72
16/04/2024;08:00:00;0.40;194.00;130.93
16/04/2024;09:00:00;0.00;193.00;129.16
16/04/2024;10:00:00;0.00;193.00;129.16
16/04/2024;11:00:00;0.00;192.00;127.39
16/04/2024;12:00:00;0.00;192.00;127.39
16/04/2024;13:00:00;0.80;191.00;125.63
16/04/2024;14:00:00;2.00;190.00;123.89
16/04/2024;15:00:00;3.20;190.00;123.89
16/04/2024;16:00:00;0.20;189.00;122.15
16/04/2024;17:00:00;0.00;188.00;120.42
16/04/2024;18:00:00;0.00;187.00;118.70
16/04/2024;19:00:00;0.20;186.00;116.99
16/04/2024;20:00:00;3.20;186.00;116.99
16/04/2024;21:00:00;1.60;187.00;118.70
16/04/2024;22:00:00;1.20;187.00;118.70
16/04/2024;23:00:00;0.00;187.00;118.70
17/04/2024;00:00:00;0.00;190.00;123.89
17/04/2024;01:00:00;0.00;195.00;132.72
17/04/2024;02:00:00;0.00;203.00;147.31
17/04/2024;03:00:00;0.40;211.00;162.48
17/04/2024;04:00:00;0.00;217.00;174.22
17/04/2024;05:00:00;0.00;222.00;184.23
17/04/2024;06:00:00;0.00;226.00;192.40
17/04/2024;07:00:00;0.00;227.00;194.46
17/04/2024;08:00:00;0.00;228.00;196.53
17/04/2024;09:00:00;0.00;229.00;198.60
17/04/2024;10:00:00;0.00;233.00;207.00
17/04/2024;11:00:00;0.00;258.00;262.36
17/04/2024;12:00:00;0.00;278.00;310.12
17/04/2024;13:00:00;0.00;283.00;322.52
17/04/2024;14:00:00;0.00;282.00;320.03
17/04/2024;15:00:00;0.00;279.00;312.59
17/04/2024;16:00:00;0.00;275.00;302.76
17/04/2024;17:00:00;0.00;272.00;295.48
17/04/2024;18:00:00;0.00;268.00;285.86
17/04/2024;19:00:00;0.00;266.00;281.10
17/04/2024;20:00:00;0.00;263.00;274.02
17/04/2024;21:00:00;0.00;261.00;269.33
17/04/2024;22:00:00;0.00;259.00;264.68
17/04/2024;23:00:00;0.00;258.00;262.36
18/04/2024;00:00:00;0.00;256.00;257.75
18/04/2024;01:00:00;0.00;254.00;253.17
18/04/2024;02:00:00;0.00;252.00;248.63
18/04/2024;03:00:00;0.00;251.00;246.36
18/04/2024;04:00:00;0.00;250.00;244.11
18/04/2024;05:00:00;0.00;248.00;239.63
18/04/2024;06:00:00;0.00;247.00;237.39
18/04/2024;07:00:00;0.00;245.00;232.96
18/04/2024;08:00:00;0.00;243.00;228.55
18/04/2024;09:00:00;0.00;240.00;222.00
18/04/2024;10:00:00;0.00;237.00;215.52
18/04/2024;11:00:00;0.00;234.00;209.12
18/04/2024;12:00:00;0.00;231.00;202.79
18/04/2024;13:00:00;0.00;229.00;198.60
18/04/2024;14:00:00;0.00;226.00;192.40
18/04/2024;15:00:00;0.00;224.00;188.30
18/04/2024;16:00:00;0.00;222.00;184.23
18/04/2024;17:00:00;0.00;220.00;180.20
18/04/2024;18:00:00;0.00;218.00;176.20
18/04/2024;19:00:00;0.00;216.00;172.24
18/04/2024;20:00:00;0.00;214.00;168.31
18/04/2024;21:00:00;0.00;212.00;164.41
18/04/2024;22:00:00;0.00;211.00;162.48
18/04/2024;23:00:00;0.00;209.00;158.64
19/04/2024;00:00:00;0.00;207.00;154.83
19/04/2024;01:00:00;0.00;206.00;152.94
19/04/2024;02:00:00;0.00;204.00;149.18
19/04/2024;03:00:00;0.00;203.00;147.31
19/04/2024;04:00:00;0.00;201.00;143.61
19/04/2024;05:00:00;0.00;200.00;141.77
19/04/2024;06:00:00;0.00;199.00;139.94
19/04/2024;07:00:00;0.00;198.00;138.12
19/04/2024;08:00:00;0.00;197.00;136.31
19/04/2024;09:00:00;0.00;195.00;132.72
19/04/2024;10:00:00;0.00;193.00;129.16
19/04/2024;11:00:00;0.00;192.00;127.39
19/04/2024;12:00:00;0.00;191.00;125.63
19/04/2024;13:00:00;0.00;190.00;123.89
19/04/2024;14:00:00;0.00;189.00;122.15
19/04/2024;15:00:00;0.00;188.00;120.42
19/04/2024;16:00:00;0.00;187.00;118.70
19/04/2024;17:00:00;0.00;187.00;118.70
19/04/2024;18:00:00;0.00;186.00;116.99
19/04/2024;19:00:00;0.00;185.00;115.29
19/04/2024;20:00:00;0.00;184.00;113.59
19/04/2024;21:00:00;0.00;182.00;110.24
19/04/2024;22:00:00;0.00;182.00;110.24
19/04/2024;23:00:00;0.00;181.00;108.58
20/04/2024;01:00:00;0.00;179.00;105.28
20/04/2024;02:00:00;0.00;178.00;103.64
20/04/2024;03:00:00;0.00;178.00;103.64
20/04/2024;04:00:00;0.00;177.00;102.02
20/04/2024;05:00:00;0.00;176.00;100.40
20/04/2024;06:00:00;0.00;175.00;98.80
20/04/2024;07:00:00;0.00;175.00;98.80
20/04/2024;08:00:00;0.00;175.00;98.80
20/04/2024;09:00:00;0.00;174.00;97.20
20/04/2024;10:00:00;0.00;172.00;94.04
20/04/2024;11:00:00;0.00;172.00;94.04
20/04/2024;12:00:00;0.00;171.00;92.47
20/04/2024;13:00:00;0.00;170.00;90.92
20/04/2024;14:00:00;0.00;170.00;90.92
20/04/2024;15:00:00;0.00;170.00;90.92
20/04/2024;16:00:00;0.00;169.00;89.37
20/04/2024;17:00:00;0.00;169.00;89.37
20/04/2024;18:00:00;0.00;168.00;87.83
20/04/2024;19:00:00;0.00;168.00;87.83
20/04/2024;20:00:00;0.00;168.00;87.83
20/04/2024;21:00:00;0.00;167.00;86.31
20/04/2024;22:00:00;0.00;167.00;86.31
20/04/2024;23:00:00;0.00;167.00;86.31
21/04/2024;00:00:00;0.00;166.00;84.52
21/04/2024;01:00:00;0.00;165.00;83.36
21/04/2024;02:00:00;0.00;165.00;83.36
21/04/2024;03:00:00;0.00;164.00;82.20
21/04/2024;04:00:00;0.00;164.00;82.20
21/04/2024;05:00:00;0.00;163.00;81.06
21/04/2024;06:00:00;0.00;163.00;81.06
21/04/2024;07:00:00;0.00;162.00;79.92
21/04/2024;08:00:00;0.00;162.00;79.92
21/04/2024;09:00:00;0.00;161.00;78.79
21/04/2024;10:00:00;0.00;161.00;78.79
21/04/2024;11:00:00;0.00;157.00;74.36
21/04/2024;12:00:00;0.00;159.00;76.56
21/04/2024;13:00:00;0.00;159.00;76.56
21/04/2024;14:00:00;0.00;158.00;75.46
21/04/2024;15:00:00;0.00;158.00;75.46
21/04/2024;16:00:00;0.00;157.00;74.36
21/04/2024;17:00:00;0.00;157.00;74.36
21/04/2024;18:00:00;0.00;157.00;74.36
21/04/2024;19:00:00;0.00;157.00;74.36
21/04/2024;20:00:00;0.00;157.00;74.36
21/04/2024;21:00:00;0.00;156.00;73.27
21/04/2024;22:00:00;0.00;156.00;73.27
21/04/2024;23:00:00;0.00;156.00;73.27
22/04/2024;00:00:00;0.00;156.00;73.27
22/04/2024;01:00:00;0.00;156.00;73.27
22/04/2024;02:00:00;0.00;156.00;73.27
22/04/2024;03:00:00;0.00;155.00;72.19
22/04/2024;04:00:00;0.00;155.00;72.19
22/04/2024;05:00:00;0.00;154.00;71.12
22/04/2024;06:00:00;0.00;154.00;71.12
22/04/2024;07:00:00;0.00;154.00;71.12
22/04/2024;08:00:00;0.00;154.00;71.12
22/04/2024;09:00:00;0.00;153.00;70.05
22/04/2024;10:00:00;0.00;153.00;70.05
22/04/2024;11:00:00;0.00;153.00;70.05
22/04/2024;12:00:00;0.00;152.00;69.00
22/04/2024;13:00:00;0.00;152.00;69.00
22/04/2024;14:00:00;0.00;152.00;69.00
22/04/2024;15:00:00;0.00;152.00;69.00
22/04/2024;16:00:00;0.00;151.00;67.95
22/04/2024;17:00:00;0.00;151.00;67.95
22/04/2024;18:00:00;0.00;151.00;67.95
22/04/2024;19:00:00;0.00;151.00;67.95
22/04/2024;20:00:00;0.00;151.00;67.95
22/04/2024;21:00:00;0.40;150.00;66.91
22/04/2024;22:00:00;0.00;151.00;67.95
22/04/2024;23:00:00;0.00;150.00;66.91
23/04/2024;00:00:00;0.00;150.00;66.91
23/04/2024;01:00:00;0.00;150.00;66.91
23/04/2024;02:00:00;0.00;150.00;66.91
23/04/2024;03:00:00;0.00;150.00;66.91
23/04/2024;04:00:00;0.00;150.00;66.91
23/04/2024;05:00:00;0.00;150.00;66.91
23/04/2024;06:00:00;0.00;150.00;66.91
23/04/2024;07:00:00;0.00;150.00;66.91
23/04/2024;08:00:00;0.00;150.00;66.91
23/04/2024;09:00:00;0.00;150.00;66.91
23/04/2024;10:00:00;0.00;149.00;65.88
23/04/2024;11:00:00;0.00;148.00;64.85
23/04/2024;12:00:00;0.00;149.00;65.88
23/04/2024;13:00:00;0.00;148.00;64.85
23/04/2024;14:00:00;0.00;148.00;64.85
23/04/2024;15:00:00;0.00;147.00;63.84
23/04/2024;16:00:00;0.00;147.00;63.84
23/04/2024;17:00:00;0.00;147.00;63.84
23/04/2024;18:00:00;0.00;147.00;63.84
23/04/2024;19:00:00;0.00;147.00;63.84
23/04/2024;20:00:00;0.00;146.00;62.83
23/04/2024;21:00:00;0.00;146.00;62.83
23/04/2024;22:00:00;0.00;146.00;62.83
23/04/2024;23:00:00;0.00;146.00;62.83
24/04/2024;00:00:00;0.00;146.00;62.83
24/04/2024;01:00:00;0.00;146.00;62.83
24/04/2024;02:00:00;0.00;146.00;62.83
24/04/2024;03:00:00;0.00;146.00;62.83
24/04/2024;04:00:00;0.00;146.00;62.83
24/04/2024;05:00:00;0.00;146.00;62.83
24/04/2024;06:00:00;0.00;145.00;61.83
24/04/2024;07:00:00;0.00;145.00;61.83
24/04/2024;08:00:00;0.00;145.00;61.83
24/04/2024;09:00:00;0.00;145.00;61.83
24/04/2024;10:00:00;0.00;145.00;61.83
24/04/2024;11:00:00;0.00;145.00;61.83
24/04/2024;12:00:00;0.00;143.00;59.85
24/04/2024;13:00:00;0.00;145.00;61.83
24/04/2024;14:00:00;0.00;144.00;60.84
24/04/2024;15:00:00;0.00;145.00;61.83
24/04/2024;16:00:00;0.00;144.00;60.84
24/04/2024;17:00:00;0.00;144.00;60.84
24/04/2024;18:00:00;0.00;144.00;60.84
24/04/2024;19:00:00;0.00;143.00;59.85
24/04/2024;20:00:00;0.00;143.00;59.85
24/04/2024;21:00:00;0.00;143.00;59.85
24/04/2024;22:00:00;0.00;143.00;59.85
24/04/2024;23:00:00;0.00;143.00;59.85
25/04/2024;00:00:00;0.00;143.00;59.85
25/04/2024;01:00:00;0.00;143.00;59.85
25/04/2024;02:00:00;0.00;143.00;59.85
25/04/2024;03:00:00;0.00;143.00;59.85
25/04/2024;04:00:00;0.00;143.00;59.85
25/04/2024;05:00:00;0.00;143.00;59.85
25/04/2024;06:00:00;0.00;143.00;59.85
25/04/2024;07:00:00;0.00;143.00;59.85
25/04/2024;08:00:00;0.00;143.00;59.85
25/04/2024;09:00:00;0.00;143.00;59.85
25/04/2024;10:00:00;0.00;143.00;59.85
25/04/2024;11:00:00;0.00;143.00;59.85
25/04/2024;12:00:00;0.00;142.00;58.88
25/04/2024;13:00:00;0.00;142.00;58.88
25/04/2024;14:00:00;0.00;142.00;58.88
25/04/2024;15:00:00;0.00;142.00;58.88
25/04/2024;16:00:00;0.00;142.00;58.88
25/04/2024;17:00:00;0.00;142.00;58.88
25/04/2024;18:00:00;0.00;141.00;57.91
25/04/2024;19:00:00;0.00;141.00;57.91
25/04/2024;20:00:00;0.00;141.00;57.91
25/04/2024;21:00:00;0.00;141.00;57.91
25/04/2024;22:00:00;0.00;141.00;57.91
25/04/2024;23:00:00;0.00;141.00;57.91
26/04/2024;00:00:00;0.00;141.00;57.91
26/04/2024;01:00:00;0.00;141.00;57.91
26/04/2024;02:00:00;0.00;141.00;57.91
26/04/2024;03:00:00;0.00;141.00;57.91
26/04/2024;04:00:00;0.00;141.00;57.91
26/04/2024;05:00:00;0.00;141.00;57.91
26/04/2024;06:00:00;0.40;141.00;57.91
26/04/2024;07:00:00;0.00;140.00;56.95
26/04/2024;08:00:00;0.40;140.00;56.95
26/04/2024;09:00:00;0.40;140.00;56.95
26/04/2024;10:00:00;12.40;142.00;58.88
26/04/2024;11:00:00;0.00;144.00;60.84
26/04/2024;12:00:00;0.00;192.00;127.39
26/04/2024;13:00:00;0.00;196.00;134.51
26/04/2024;14:00:00;0.00;194.00;130.93
26/04/2024;15:00:00;0.00;192.00;127.39
26/04/2024;16:00:00;0.00;189.00;122.15
26/04/2024;17:00:00;0.00;186.00;116.99
26/04/2024;18:00:00;0.00;183.00;111.91
26/04/2024;19:00:00;0.00;180.00;106.92
26/04/2024;20:00:00;0.00;178.00;103.64
26/04/2024;21:00:00;0.00;175.00;98.80
26/04/2024;22:00:00;0.00;173.00;95.62
26/04/2024;23:00:00;0.00;172.00;94.04
27/04/2024;00:00:00;0.00;170.00;90.92
27/04/2024;01:00:00;0.00;168.00;87.83
27/04/2024;02:00:00;0.00;167.00;86.31
27/04/2024;03:00:00;0.00;165.00;83.36
27/04/2024;04:00:00;0.00;164.00;82.20
27/04/2024;05:00:00;0.00;163.00;81.06
27/04/2024;06:00:00;0.00;162.00;79.92
27/04/2024;07:00:00;0.00;161.00;78.79
27/04/2024;08:00:00;0.00;159.00;76.56
27/04/2024;09:00:00;0.00;157.00;74.36
27/04/2024;10:00:00;0.00;156.00;73.27
27/04/2024;11:00:00;0.00;156.00;73.27
27/04/2024;12:00:00;0.00;156.00;73.27
27/04/2024;13:00:00;0.00;155.00;72.19
27/04/2024;14:00:00;0.00;154.00;71.12
27/04/2024;15:00:00;0.00;151.00;67.95
27/04/2024;16:00:00;0.00;153.00;70.05
27/04/2024;17:00:00;0.00;153.00;70.05
27/04/2024;18:00:00;0.00;152.00;69.00
27/04/2024;19:00:00;0.00;152.00;69.00
27/04/2024;20:00:00;0.00;151.00;67.95
27/04/2024;21:00:00;0.00;151.00;67.95
27/04/2024;22:00:00;0.00;151.00;67.95
27/04/2024;23:00:00;11.60;152.00;69.00
28/04/2024;00:00:00;13.40;154.00;71.12
28/04/2024;01:00:00;1.00;156.00;73.27
28/04/2024;02:00:00;1.60;161.00;78.79
28/04/2024;03:00:00;13.00;166.00;84.52
28/04/2024;04:00:00;0.60;169.00;89.37
28/04/2024;05:00:00;0.00;175.00;98.80
28/04/2024;06:00:00;0.00;176.00;100.40
28/04/2024;07:00:00;0.00;179.00;105.28
28/04/2024;08:00:00;0.00;180.00;106.92
28/04/2024;09:00:00;0.00;181.00;108.58
28/04/2024;10:00:00;0.00;182.00;110.24
28/04/2024;11:00:00;0.00;183.00;111.91
28/04/2024;12:00:00;0.00;184.00;113.59
28/04/2024;13:00:00;0.00;189.00;122.15
28/04/2024;14:00:00;0.00;193.00;129.16
28/04/2024;15:00:00;0.00;196.00;134.51
28/04/2024;16:00:00;0.00;197.00;136.31
28/04/2024;17:00:00;0.00;195.00;132.72
28/04/2024;18:00:00;0.00;193.00;129.16
28/04/2024;19:00:00;3.20;192.00;127.39
28/04/2024;20:00:00;0.60;190.00;123.89
28/04/2024;21:00:00;0.60;189.00;122.15
28/04/2024;22:00:00;0.40;187.00;118.70
28/04/2024;23:00:00;1.00;186.00;116.99
29/04/2024;00:00:00;0.20;184.00;113.59
29/04/2024;01:00:00;0.40;187.00;118.70
29/04/2024;02:00:00;0.00;186.00;116.99
29/04/2024;03:00:00;0.00;186.00;116.99
29/04/2024;04:00:00;0.00;187.00;118.70
29/04/2024;05:00:00;0.00;189.00;122.15
29/04/2024;06:00:00;0.00;190.00;123.89
29/04/2024;07:00:00;0.00;193.00;129.16
29/04/2024;08:00:00;0.00;196.00;134.51
29/04/2024;09:00:00;0.20;198.00;138.12
29/04/2024;10:00:00;0.40;201.00;143.61
29/04/2024;11:00:00;0.60;204.00;149.18
29/04/2024;12:00:00;2.00;206.00;152.94
29/04/2024;13:00:00;1.60;208.00;156.73
29/04/2024;14:00:00;0.00;208.00;156.73
29/04/2024;15:00:00;0.00;208.00;156.73
29/04/2024;16:00:00;0.00;208.00;156.73
29/04/2024;17:00:00;0.00;210.00;160.55
29/04/2024;18:00:00;0.00;210.00;160.55
29/04/2024;19:00:00;0.00;209.00;158.64
29/04/2024;20:00:00;0.00;210.00;160.55
29/04/2024;21:00:00;0.00;211.00;162.48
29/04/2024;22:00:00;0.00;214.00;168.31
29/04/2024;23:00:00;0.00;217.00;174.22
30/04/2024;00:00:00;0.00;219.00;178.20
30/04/2024;01:00:00;0.00;221.00;182.21
30/04/2024;02:00:00;0.00;223.00;186.26
30/04/2024;03:00:00;0.00;223.00;186.26
30/04/2024;04:00:00;0.00;224.00;188.30
30/04/2024;05:00:00;0.00;224.00;188.30
30/04/2024;06:00:00;0.40;223.00;186.26
30/04/2024;07:00:00;0.80;222.00;184.23
30/04/2024;08:00:00;0.00;221.00;182.21
30/04/2024;09:00:00;6.40;221.00;182.21
30/04/2024;10:00:00;0.00;223.00;186.26
30/04/2024;11:00:00;0.00;231.00;202.79
30/04/2024;12:00:00;3.20;233.00;207.00
30/04/2024;13:00:00;0.40;247.00;237.39
30/04/2024;14:00:00;0.00;268.00;285.86
30/04/2024;15:00:00;0.00;269.00;288.26
30/04/2024;16:00:00;1.20;266.00;281.10
30/04/2024;17:00:00;0.40;266.00;281.10
30/04/2024;18:00:00;0.00;269.00;288.26
30/04/2024;19:00:00;0.00;269.00;288.26
30/04/2024;20:00:00;0.00;267.00;283.48
30/04/2024;21:00:00;0.00;267.00;283.48
30/04/2024;22:00:00;0.00;267.00;283.48
30/04/2024;23:00:00;0.00;267.00;283.48
01/05/2024;00:00:00;0.00;267.00;283.48
01/05/2024;01:00:00;0.00;267.00;283.48
01/05/2024;02:00:00;0.00;267.00;283.48
01/05/2024;03:00:00;0.00;267.00;283.48
01/05/2024;04:00:00;0.00;269.00;288.26
01/05/2024;05:00:00;0.00;272.00;295.48
01/05/2024;06:00:00;0.00;277.00;307.66
01/05/2024;07:00:00;0.00;284.00;325.03
01/05/2024;08:00:00;0.80;297.00;358.22
01/05/2024;09:00:00;0.00;303.00;370.69
01/05/2024;10:00:00;0.00;311.00;386.29
01/05/2024;11:00:00;0.00;325.00;414.30
01/05/2024;12:00:00;0.00;339.00;443.21
01/05/2024;13:00:00;0.00;361.00;490.42
01/05/2024;14:00:00;0.00;371.00;512.60
01/05/2024;15:00:00;10.40;377.00;526.12
01/05/2024;16:00:00;2.20;380.00;532.95
01/05/2024;17:00:00;1.20;387.00;549.02
01/05/2024;18:00:00;0.20;397.00;572.36
01/05/2024;19:00:00;0.00;410.00;603.36
01/05/2024;20:00:00;1.60;421.00;630.17
01/05/2024;21:00:00;0.20;430.00;652.51
01/05/2024;22:00:00;0.00;435.00;665.07
01/05/2024;23:00:00;0.00;436.00;667.59
02/05/2024;00:00:00;0.00;438.00;672.66
02/05/2024;01:00:00;0.00;438.00;672.66
02/05/2024;02:00:00;0.00;440.00;677.74
02/05/2024;03:00:00;0.20;439.00;675.20
02/05/2024;04:00:00;18.80;438.00;672.66
02/05/2024;05:00:00;0.00;443.00;685.39
02/05/2024;06:00:00;0.00;447.00;695.66
02/05/2024;07:00:00;27.60;455.00;716.40
02/05/2024;08:00:00;9.20;535.00;939.01
02/05/2024;09:00:00;4.40;613.00;1182.19
02/05/2024;10:00:00;3.80;673.00;1386.49
02/05/2024;11:00:00;2.20;737.00;1620.67
02/05/2024;12:00:00;2.40;755.00;1689.53
02/05/2024;13:00:00;4.20;760.00;1708.89
02/05/2024;14:00:00;2.80;791.00;1831.16
02/05/2024;15:00:00;1.80;828.00;1982.13
02/05/2024;16:00:00;2.00;851.00;2078.72
02/05/2024;17:00:00;6.80;877.00;2190.42
02/05/2024;18:00:00;6.40;903.00;2304.80
02/05/2024;19:00:00;2.00;922.00;2390.05
02/05/2024;20:00:00;6.80;934.00;2444.63
02/05/2024;21:00:00;17.80;945.00;2495.15
02/05/2024;22:00:00;32.20;958.00;2555.46
02/05/2024;23:00:00;55.40;969.00;2607.01
03/05/2024;00:00:00;12.60;978.00;2649.53
03/05/2024;01:00:00;7.60;977.00;2644.79
03/05/2024;02:00:00;7.00;978.00;2649.53
03/05/2024;03:00:00;6.40;968.00;2602.30
03/05/2024;04:00:00;2.60;948.00;2509.01
03/05/2024;05:00:00;0.00;924.00;2399.11
03/05/2024;06:00:00;0.00;891.00;2251.68
03/05/2024;07:00:00;0.00;857.00;2104.26
03/05/2024;08:00:00;0.00;824.00;1965.54
03/05/2024;09:00:00;0.00;790.00;1827.15
03/05/2024;10:00:00;0.00;761.00;1712.77
03/05/2024;11:00:00;0.00;730.00;1594.25
03/05/2024;12:00:00;0.00;702.00;1490.54
03/05/2024;13:00:00;0.00;677.00;1400.63
03/05/2024;14:00:00;0.00;653.00;1316.74
03/05/2024;15:00:00;0.00;630.00;1238.56
03/05/2024;16:00:00;0.00;609.00;1169.10
03/05/2024;17:00:00;0.00;589.00;1104.65
03/05/2024;18:00:00;0.00;575.00;1060.52
03/05/2024;19:00:00;0.00;557.00;1005.01
03/05/2024;20:00:00;0.00;542.00;959.78
03/05/2024;21:00:00;0.00;529.00;921.36
03/05/2024;22:00:00;0.40;515.00;880.79
03/05/2024;23:00:00;0.80;502.00;843.86
04/05/2024;00:00:00;0.40;492.00;815.94
04/05/2024;01:00:00;0.80;482.00;788.46
04/05/2024;02:00:00;3.80;472.00;761.40
04/05/2024;03:00:00;6.40;466.00;745.38
04/05/2024;04:00:00;6.20;461.00;732.14
04/05/2024;05:00:00;4.40;463.00;737.42
04/05/2024;06:00:00;6.20;473.00;764.09
04/05/2024;07:00:00;2.60;488.00;804.90
04/05/2024;08:00:00;0.00;498.00;832.64
04/05/2024;09:00:00;0.60;506.00;855.14
04/05/2024;10:00:00;2.20;515.00;880.79
04/05/2024;11:00:00;0.80;529.00;921.36
04/05/2024;12:00:00;0.00;540.00;953.83
04/05/2024;13:00:00;4.20;557.00;1005.01
04/05/2024;14:00:00;1.80;571.00;1048.07
04/05/2024;15:00:00;2.20;579.00;1073.05
04/05/2024;16:00:00;4.80;580.00;1076.19
04/05/2024;17:00:00;1.00;589.00;1104.65
04/05/2024;18:00:00;0.00;600.00;1139.89
04/05/2024;19:00:00;0.00;608.00;1165.83
04/05/2024;20:00:00;0.00;619.00;1201.95
04/05/2024;21:00:00;0.00;631.00;1241.92
04/05/2024;22:00:00;0.00;642.00;1279.08
04/05/2024;23:00:00;0.00;641.00;1275.68
05/05/2024;00:00:00;0.00;640.00;1272.28
05/05/2024;01:00:00;0.00;634.00;1252.00
05/05/2024;02:00:00;0.00;629.00;1235.21
05/05/2024;03:00:00;0.00;620.00;1205.26
05/05/2024;04:00:00;0.00;611.00;1175.63
05/05/2024;05:00:00;0.00;601.00;1143.12
05/05/2024;06:00:00;0.00;592.00;1114.21
05/05/2024;07:00:00;0.00;584.00;1088.79
05/05/2024;08:00:00;0.00;575.00;1060.52
05/05/2024;09:00:00;0.00;566.00;1032.59
05/05/2024;10:00:00;0.00;558.00;1008.05
05/05/2024;11:00:00;0.00;551.00;986.80
05/05/2024;12:00:00;0.00;546.00;971.75
05/05/2024;13:00:00;0.00;540.00;953.83
05/05/2024;14:00:00;0.00;535.00;939.01
05/05/2024;15:00:00;0.00;530.00;924.29
05/05/2024;16:00:00;0.00;524.00;906.77
05/05/2024;17:00:00;0.00;516.00;883.66
05/05/2024;18:00:00;0.00;506.00;855.14
05/05/2024;19:00:00;0.00;498.00;832.64
05/05/2024;20:00:00;0.00;489.00;807.65
05/05/2024;21:00:00;0.00;481.00;785.73
05/05/2024;22:00:00;0.00;473.00;764.09
05/05/2024;23:00:00;0.00;465.00;742.72
06/05/2024;00:00:00;0.00;458.00;724.25
06/05/2024;01:00:00;0.00;451.00;706.00
06/05/2024;02:00:00;0.00;446.00;693.09
06/05/2024;03:00:00;0.00;438.00;672.66
06/05/2024;04:00:00;0.00;432.00;657.52
06/05/2024;05:00:00;0.00;425.00;640.06
06/05/2024;06:00:00;0.00;420.00;627.71
06/05/2024;07:00:00;0.00;413.00;610.62
06/05/2024;08:00:00;0.00;407.00;596.14
06/05/2024;09:00:00;0.00;402.00;584.19
06/05/2024;10:00:00;0.00;397.00;572.36
06/05/2024;11:00:00;0.00;392.00;560.63
06/05/2024;12:00:00;0.00;387.00;549.02
06/05/2024;13:00:00;0.00;382.00;537.52
06/05/2024;14:00:00;0.00;378.00;528.39
06/05/2024;15:00:00;0.00;374.00;519.34
06/05/2024;16:00:00;0.00;371.00;512.60
06/05/2024;17:00:00;0.00;367.00;503.68
06/05/2024;18:00:00;0.00;363.00;494.82
06/05/2024;19:00:00;0.00;360.00;488.23
06/05/2024;20:00:00;0.00;356.00;479.50
06/05/2024;21:00:00;0.00;353.00;473.00
06/05/2024;22:00:00;0.00;350.00;466.54
06/05/2024;23:00:00;0.00;347.00;460.13
07/05/2024;00:00:00;0.00;344.00;453.75
07/05/2024;01:00:00;0.00;341.00;447.41
07/05/2024;02:00:00;0.00;339.00;443.21
07/05/2024;03:00:00;0.00;336.00;436.94
07/05/2024;04:00:00;0.00;333.00;430.71
07/05/2024;05:00:00;0.00;330.00;424.52
07/05/2024;06:00:00;0.00;328.00;420.42
07/05/2024;07:00:00;0.00;325.00;414.30
07/05/2024;08:00:00;0.00;323.00;410.25
07/05/2024;09:00:00;0.00;321.00;406.21
07/05/2024;10:00:00;0.00;318.00;400.19
07/05/2024;11:00:00;0.00;316.00;396.19
07/05/2024;12:00:00;0.00;313.00;390.24
07/05/2024;13:00:00;0.00;311.00;386.29
07/05/2024;14:00:00;0.00;308.00;380.40
07/05/2024;15:00:00;0.00;307.00;378.45
07/05/2024;16:00:00;0.00;307.00;378.45
07/05/2024;17:00:00;0.00;303.00;370.69
07/05/2024;18:00:00;0.00;302.00;368.76
07/05/2024;19:00:00;0.00;299.00;363.43
07/05/2024;20:00:00;0.00;297.00;358.22
07/05/2024;21:00:00;0.00;295.00;353.03
07/05/2024;22:00:00;0.00;294.00;350.45
07/05/2024;23:00:00;0.00;292.00;345.31
08/05/2024;00:00:00;0.00;290.00;340.20
08/05/2024;01:00:00;0.00;289.00;337.65
08/05/2024;02:00:00;0.00;288.00;335.11
08/05/2024;03:00:00;0.00;285.00;327.54
08/05/2024;04:00:00;0.00;283.00;322.52
08/05/2024;05:00:00;0.00;282.00;320.03
08/05/2024;06:00:00;0.00;281.00;317.54
08/05/2024;07:00:00;0.00;280.00;315.06
08/05/2024;08:00:00;0.00;278.00;310.12
08/05/2024;09:00:00;0.00;277.00;307.66
08/05/2024;10:00:00;0.00;274.00;300.33
08/05/2024;11:00:00;0.00;273.00;297.90
08/05/2024;12:00:00;0.00;272.00;295.48
08/05/2024;13:00:00;0.00;270.00;290.66
08/05/2024;14:00:00;0.00;269.00;288.26
08/05/2024;15:00:00;0.00;268.00;285.86
08/05/2024;16:00:00;0.00;267.00;283.48
08/05/2024;17:00:00;0.00;266.00;281.10
08/05/2024;18:00:00;0.00;264.00;276.37
08/05/2024;19:00:00;0.00;262.00;271.67
08/05/2024;20:00:00;0.00;261.00;269.33
08/05/2024;21:00:00;1.20;260.00;267.00
08/05/2024;22:00:00;2.00;259.00;264.68
08/05/2024;23:00:00;1.40;258.00;262.36
09/05/2024;00:00:00;0.00;257.00;260.05
09/05/2024;01:00:00;0.00;256.00;257.75
09/05/2024;02:00:00;0.00;255.00;255.46
09/05/2024;03:00:00;0.00;254.00;253.17
09/05/2024;04:00:00;0.00;253.00;250.90
09/05/2024;05:00:00;0.00;253.00;250.90
09/05/2024;06:00:00;0.00;251.00;246.36
09/05/2024;07:00:00;0.00;251.00;246.36
09/05/2024;08:00:00;0.00;250.00;244.11
09/05/2024;09:00:00;0.00;249.00;241.86
09/05/2024;10:00:00;0.00;248.00;239.63
09/05/2024;11:00:00;0.00;248.00;239.63
09/05/2024;12:00:00;0.00;247.00;237.39
09/05/2024;13:00:00;0.00;246.00;235.17
09/05/2024;14:00:00;0.00;244.00;230.75
09/05/2024;15:00:00;0.00;244.00;230.75
09/05/2024;16:00:00;0.00;244.00;230.75
09/05/2024;17:00:00;0.00;243.00;228.55
09/05/2024;18:00:00;0.00;242.00;226.36
09/05/2024;19:00:00;0.00;241.00;224.18
09/05/2024;20:00:00;0.00;240.00;222.00
09/05/2024;21:00:00;0.00;239.00;219.83
09/05/2024;22:00:00;0.80;239.00;219.83
09/05/2024;23:00:00;0.00;238.00;217.67
10/05/2024;00:00:00;0.20;237.00;215.52
10/05/2024;01:00:00;0.00;237.00;215.52
10/05/2024;02:00:00;0.80;236.00;213.38
10/05/2024;03:00:00;0.00;236.00;213.38
10/05/2024;04:00:00;0.00;235.00;211.24
10/05/2024;05:00:00;0.00;234.00;209.12
10/05/2024;06:00:00;0.80;234.00;209.12
10/05/2024;07:00:00;0.00;233.00;207.00
10/05/2024;08:00:00;0.00;233.00;207.00
10/05/2024;09:00:00;1.20;232.00;204.89
10/05/2024;10:00:00;0.00;232.00;204.89
10/05/2024;11:00:00;0.00;231.00;202.79
10/05/2024;12:00:00;0.00;231.00;202.79
10/05/2024;13:00:00;0.00;231.00;202.79
10/05/2024;14:00:00;0.00;230.00;200.69
10/05/2024;15:00:00;0.00;230.00;200.69
10/05/2024;16:00:00;0.00;229.00;198.60
10/05/2024;17:00:00;4.00;229.00;198.60
10/05/2024;18:00:00;1.20;229.00;198.60
10/05/2024;19:00:00;1.60;233.00;207.00
10/05/2024;20:00:00;11.60;245.00;232.96
10/05/2024;21:00:00;5.20;262.00;271.67
10/05/2024;22:00:00;1.20;280.00;315.06
10/05/2024;23:00:00;2.20;286.00;330.05
11/05/2024;00:00:00;0.00;286.00;330.05
11/05/2024;01:00:00;0.00;292.00;345.31
11/05/2024;02:00:00;0.00;304.00;372.62
11/05/2024;03:00:00;0.00;309.00;382.36
11/05/2024;04:00:00;0.00;315.00;394.20
11/05/2024;05:00:00;0.00;324.00;412.27
11/05/2024;06:00:00;0.00;331.00;426.58
11/05/2024;07:00:00;0.00;340.00;445.31
11/05/2024;08:00:00;0.00;351.00;468.69
11/05/2024;09:00:00;0.00;361.00;490.42
11/05/2024;10:00:00;0.00;389.00;553.65
11/05/2024;11:00:00;0.00;408.00;598.54
11/05/2024;12:00:00;0.00;429.00;650.01
11/05/2024;13:00:00;0.00;444.00;687.95
11/05/2024;14:00:00;0.00;455.00;716.40
11/05/2024;15:00:00;0.00;472.00;761.40
11/05/2024;16:00:00;0.00;491.00;813.18
11/05/2024;17:00:00;0.00;499.00;835.44
11/05/2024;18:00:00;0.00;500.00;838.24
11/05/2024;19:00:00;0.00;501.00;841.05
11/05/2024;20:00:00;0.00;503.00;846.67
11/05/2024;21:00:00;2.40;509.00;863.65
11/05/2024;22:00:00;0.00;511.00;869.35
11/05/2024;23:00:00;1.40;515.00;880.79
12/05/2024;00:00:00;7.60;521.00;898.07
12/05/2024;01:00:00;2.80;529.00;921.36
12/05/2024;02:00:00;4.00;531.00;927.23
12/05/2024;03:00:00;2.80;538.00;947.89
12/05/2024;04:00:00;0.60;548.00;977.76
12/05/2024;05:00:00;0.20;559.00;1011.11
12/05/2024;06:00:00;0.00;565.00;1029.51
12/05/2024;07:00:00;0.00;567.00;1035.68
12/05/2024;08:00:00;0.00;569.00;1041.87
12/05/2024;09:00:00;0.00;571.00;1048.07
12/05/2024;10:00:00;0.00;576.00;1063.65
12/05/2024;11:00:00;0.00;578.00;1069.91
12/05/2024;12:00:00;0.00;580.00;1076.19
12/05/2024;13:00:00;0.00;579.00;1073.05
12/05/2024;14:00:00;0.00;574.00;1057.40
12/05/2024;15:00:00;0.00;573.00;1054.29
12/05/2024;16:00:00;0.00;574.00;1057.40
12/05/2024;17:00:00;0.00;572.00;1051.18
12/05/2024;18:00:00;0.00;567.00;1035.68
12/05/2024;19:00:00;0.00;564.00;1026.43
12/05/2024;20:00:00;0.00;559.00;1011.11
12/05/2024;21:00:00;0.00;552.00;989.83
12/05/2024;22:00:00;0.80;542.00;959.78
12/05/2024;23:00:00;0.00;532.00;930.16
13/05/2024;00:00:00;7.20;524.00;906.77
13/05/2024;01:00:00;0.00;515.00;880.79
13/05/2024;02:00:00;0.60;512.00;872.20
13/05/2024;03:00:00;3.00;507.00;857.98
13/05/2024;04:00:00;0.40;503.00;846.67
13/05/2024;05:00:00;0.40;501.00;841.05
13/05/2024;06:00:00;0.40;496.00;827.06
13/05/2024;07:00:00;0.80;490.00;810.41
13/05/2024;08:00:00;0.20;486.00;799.40
13/05/2024;09:00:00;0.20;484.00;793.92
13/05/2024;10:00:00;0.00;482.00;788.46
13/05/2024;11:00:00;0.00;479.00;780.30
13/05/2024;12:00:00;0.00;477.00;774.88
13/05/2024;13:00:00;0.40;476.00;772.17
13/05/2024;14:00:00;0.00;473.00;764.09
13/05/2024;15:00:00;1.20;469.00;753.37
13/05/2024;16:00:00;1.00;468.00;750.70
13/05/2024;17:00:00;0.60;465.00;742.72
13/05/2024;18:00:00;0.80;462.00;734.78
13/05/2024;19:00:00;0.20;460.00;729.51
13/05/2024;20:00:00;0.20;457.00;721.63
13/05/2024;21:00:00;0.20;455.00;716.40
13/05/2024;22:00:00;0.20;452.00;708.59
13/05/2024;23:00:00;0.00;449.00;700.82
14/05/2024;00:00:00;0.00;446.00;693.09
14/05/2024;01:00:00;0.00;443.00;685.39
14/05/2024;02:00:00;0.00;438.00;672.66
14/05/2024;03:00:00;0.00;435.00;665.07
14/05/2024;04:00:00;0.00;432.00;657.52
14/05/2024;05:00:00;0.00;429.00;650.01
14/05/2024;06:00:00;0.00;426.00;642.54
14/05/2024;07:00:00;0.00;424.00;637.58
14/05/2024;08:00:00;0.00;421.00;630.17
14/05/2024;09:00:00;0.00;419.00;625.26
14/05/2024;10:00:00;0.00;417.00;620.36
14/05/2024;11:00:00;0.00;413.00;610.62
14/05/2024;12:00:00;0.00;411.00;605.77
14/05/2024;13:00:00;0.00;408.00;598.54
14/05/2024;14:00:00;0.00;407.00;596.14
14/05/2024;15:00:00;0.00;405.00;591.35
14/05/2024;16:00:00;0.00;405.00;591.35
14/05/2024;17:00:00;0.00;404.00;588.96
14/05/2024;18:00:00;0.00;403.00;586.57
14/05/2024;19:00:00;0.00;403.00;586.57
14/05/2024;20:00:00;0.00;402.00;584.19
14/05/2024;21:00:00;0.00;400.00;579.45
14/05/2024;22:00:00;0.00;399.00;577.08
14/05/2024;23:00:00;0.00;396.00;570.00
15/05/2024;00:00:00;0.00;393.00;562.97
15/05/2024;01:00:00;0.00;389.00;553.65
15/05/2024;02:00:00;0.00;386.00;546.71
15/05/2024;03:00:00;0.00;382.00;537.52
15/05/2024;04:00:00;0.00;378.00;528.39
15/05/2024;05:00:00;0.00;375.00;521.60
15/05/2024;06:00:00;0.00;372.00;514.84
15/05/2024;07:00:00;0.00;367.00;503.68
15/05/2024;08:00:00;0.00;363.00;494.82
15/05/2024;09:00:00;0.00;360.00;488.23
15/05/2024;10:00:00;0.00;355.00;477.33
15/05/2024;11:00:00;0.00;353.00;473.00
15/05/2024;12:00:00;0.00;350.00;466.54
15/05/2024;13:00:00;0.00;346.00;457.99
15/05/2024;14:00:00;0.00;343.00;451.63
15/05/2024;15:00:00;0.00;341.00;447.41
15/05/2024;16:00:00;0.00;338.00;441.11
15/05/2024;17:00:00;0.00;335.00;434.86
15/05/2024;18:00:00;0.00;333.00;430.71
15/05/2024;19:00:00;0.00;330.00;424.52
15/05/2024;20:00:00;0.00;328.00;420.42
15/05/2024;21:00:00;0.00;326.00;416.34
15/05/2024;22:00:00;0.00;324.00;412.27
15/05/2024;23:00:00;0.00;322.00;408.23
16/05/2024;00:00:00;0.00;319.00;402.19
16/05/2024;01:00:00;0.00;317.00;398.19
16/05/2024;02:00:00;0.00;315.00;394.20
16/05/2024;03:00:00;0.00;313.00;390.24
16/05/2024;04:00:00;0.00;311.00;386.29
16/05/2024;05:00:00;0.00;309.00;382.36
16/05/2024;06:00:00;0.00;307.00;378.45
16/05/2024;07:00:00;0.00;305.00;374.56
16/05/2024;08:00:00;0.40;304.00;372.62
16/05/2024;09:00:00;1.60;302.00;368.76
16/05/2024;10:00:00;0.40;301.00;366.83
16/05/2024;11:00:00;0.00;300.00;364.91
16/05/2024;12:00:00;0.00;298.00;360.82
16/05/2024;13:00:00;0.00;297.00;358.22
16/05/2024;14:00:00;0.40;296.00;355.62
16/05/2024;15:00:00;0.00;295.00;353.03
16/05/2024;16:00:00;0.00;294.00;350.45
16/05/2024;17:00:00;0.00;293.00;347.88
16/05/2024;18:00:00;0.40;292.00;345.31
16/05/2024;19:00:00;0.40;291.00;342.75
16/05/2024;20:00:00;0.40;290.00;340.20
16/05/2024;21:00:00;0.20;289.00;337.65
16/05/2024;22:00:00;3.20;289.00;337.65
16/05/2024;23:00:00;0.20;289.00;337.65
17/05/2024;00:00:00;2.80;289.00;337.65
17/05/2024;01:00:00;0.00;289.00;337.65
17/05/2024;02:00:00;0.40;289.00;337.65
17/05/2024;03:00:00;2.00;290.00;340.20
17/05/2024;04:00:00;2.20;291.00;342.75
17/05/2024;05:00:00;1.40;291.00;342.75
17/05/2024;06:00:00;0.80;292.00;345.31
17/05/2024;07:00:00;0.40;294.00;350.45
17/05/2024;08:00:00;0.40;295.00;353.03
17/05/2024;09:00:00;0.80;297.00;358.22
17/05/2024;10:00:00;0.80;298.00;360.82
17/05/2024;11:00:00;2.40;300.00;364.91
17/05/2024;12:00:00;1.60;302.00;368.76
17/05/2024;13:00:00;2.20;305.00;374.56
17/05/2024;14:00:00;1.40;310.00;384.32
17/05/2024;15:00:00;6.40;320.00;404.20
17/05/2024;16:00:00;4.00;333.00;430.71
17/05/2024;17:00:00;1.20;352.00;470.84
17/05/2024;18:00:00;0.40;372.00;514.84
17/05/2024;19:00:00;1.60;399.00;577.08
17/05/2024;20:00:00;1.20;424.00;637.58
17/05/2024;21:00:00;1.60;449.00;700.82
17/05/2024;22:00:00;0.80;476.00;772.17
17/05/2024;23:00:00;0.00;503.00;846.67
18/05/2024;00:00:00;0.00;529.00;921.36
18/05/2024;01:00:00;0.00;556.00;1001.96
18/05/2024;02:00:00;0.20;579.00;1073.05
18/05/2024;03:00:00;0.00;595.00;1123.81
18/05/2024;04:00:00;0.00;610.00;1172.36
18/05/2024;05:00:00;0.20;628.00;1231.87
18/05/2024;06:00:00;0.40;649.00;1302.98
18/05/2024;07:00:00;0.00;669.00;1372.41
18/05/2024;08:00:00;0.60;690.00;1447.06
18/05/2024;09:00:00;0.60;706.00;1505.16
18/05/2024;10:00:00;0.00;714.00;1534.59
18/05/2024;11:00:00;1.20;716.00;1541.99
18/05/2024;12:00:00;2.40;708.00;1512.49
18/05/2024;13:00:00;1.00;692.00;1454.27
18/05/2024;14:00:00;1.40;671.00;1379.44
18/05/2024;15:00:00;2.00;650.00;1306.42
18/05/2024;16:00:00;3.20;634.00;1252.00
18/05/2024;17:00:00;1.80;618.00;1198.64
18/05/2024;18:00:00;2.60;609.00;1169.10
18/05/2024;19:00:00;2.60;604.00;1152.83
18/05/2024;20:00:00;0.20;604.00;1152.83
18/05/2024;21:00:00;0.00;610.00;1172.36
18/05/2024;22:00:00;0.40;623.00;1215.20
18/05/2024;23:00:00;0.00;634.00;1252.00
19/05/2024;00:00:00;0.00;646.00;1292.71
19/05/2024;01:00:00;0.20;654.00;1320.19
19/05/2024;02:00:00;0.00;660.00;1340.96
19/05/2024;03:00:00;0.00;667.00;1365.39
19/05/2024;04:00:00;0.00;679.00;1407.73
19/05/2024;05:00:00;0.20;693.00;1457.88
19/05/2024;06:00:00;0.20;709.00;1516.16
19/05/2024;07:00:00;0.20;724.00;1571.75
19/05/2024;08:00:00;0.40;739.00;1628.26
19/05/2024;09:00:00;0.00;750.00;1670.27
19/05/2024;10:00:00;0.00;760.00;1708.89
19/05/2024;11:00:00;0.00;760.00;1708.89
19/05/2024;12:00:00;0.20;755.00;1689.53
19/05/2024;13:00:00;0.40;743.00;1643.48
19/05/2024;14:00:00;0.00;722.00;1564.29
19/05/2024;15:00:00;0.00;701.00;1486.89
19/05/2024;16:00:00;0.00;676.00;1397.09
19/05/2024;17:00:00;0.20;652.00;1313.29
19/05/2024;18:00:00;0.00;630.00;1238.56
19/05/2024;19:00:00;0.80;610.00;1172.36
19/05/2024;20:00:00;0.20;592.00;1114.21
19/05/2024;21:00:00;0.00;575.00;1060.52
19/05/2024;22:00:00;0.00;561.00;1017.23
19/05/2024;23:00:00;0.00;546.00;971.75
20/05/2024;00:00:00;0.00;535.00;939.01
20/05/2024;01:00:00;0.20;523.00;903.87
20/05/2024;02:00:00;0.00;515.00;880.79
20/05/2024;03:00:00;0.00;505.00;852.32
20/05/2024;04:00:00;0.00;497.00;829.85
20/05/2024;05:00:00;0.00;489.00;807.65
20/05/2024;06:00:00;0.00;482.00;788.46
20/05/2024;07:00:00;0.00;475.00;769.47
20/05/2024;08:00:00;0.00;469.00;753.37
20/05/2024;09:00:00;0.00;462.00;734.78
20/05/2024;13:00:00;0.00;440.00;677.74
20/05/2024;14:00:00;0.00;435.00;665.07
20/05/2024;15:00:00;0.00;430.00;652.51
20/05/2024;16:00:00;0.00;427.00;645.02
20/05/2024;17:00:00;0.00;422.00;632.64
20/05/2024;18:00:00;0.00;419.00;625.26
20/05/2024;19:00:00;0.00;414.00;613.05
20/05/2024;20:00:00;0.00;410.00;603.36
20/05/2024;21:00:00;0.00;406.00;593.74
20/05/2024;22:00:00;0.00;402.00;584.19
20/05/2024;23:00:00;0.00;399.00;577.08
21/05/2024;00:00:00;0.00;396.00;570.00
21/05/2024;01:00:00;0.00;391.00;558.30
21/05/2024;02:00:00;0.00;388.00;551.33
21/05/2024;03:00:00;0.00;385.00;544.40
21/05/2024;04:00:00;0.00;382.00;537.52
21/05/2024;05:00:00;0.00;378.00;528.39
21/05/2024;06:00:00;0.00;375.00;521.60
21/05/2024;07:00:00;0.00;372.00;514.84
21/05/2024;08:00:00;0.00;369.00;508.13
21/05/2024;09:00:00;0.00;366.00;501.46
21/05/2024;10:00:00;0.00;363.00;494.82
21/05/2024;11:00:00;0.00;360.00;488.23
21/05/2024;12:00:00;0.00;357.00;481.68
21/05/2024;13:00:00;0.00;355.00;477.33
21/05/2024;14:00:00;0.00;352.00;470.84
21/05/2024;15:00:00;0.00;349.00;464.40
21/05/2024;16:00:00;0.00;347.00;460.13
21/05/2024;17:00:00;0.00;345.00;455.87
21/05/2024;18:00:00;0.00;343.00;451.63
21/05/2024;19:00:00;0.00;341.00;447.41
21/05/2024;20:00:00;0.00;339.00;443.21
21/05/2024;21:00:00;0.00;336.00;436.94
21/05/2024;22:00:00;0.00;335.00;434.86
21/05/2024;23:00:00;0.00;332.00;428.65
22/05/2024;00:00:00;0.00;330.00;424.52
22/05/2024;01:00:00;0.00;328.00;420.42
22/05/2024;02:00:00;0.00;327.00;418.38
22/05/2024;03:00:00;0.00;325.00;414.30
22/05/2024;04:00:00;0.00;323.00;410.25
22/05/2024;05:00:00;0.00;322.00;408.23
22/05/2024;06:00:00;0.00;320.00;404.20
22/05/2024;07:00:00;0.00;318.00;400.19
22/05/2024;08:00:00;0.00;317.00;398.19
22/05/2024;09:00:00;0.00;314.00;392.22
22/05/2024;10:00:00;0.00;312.00;388.26
22/05/2024;11:00:00;0.00;310.00;384.32
22/05/2024;12:00:00;0.00;308.00;380.40
22/05/2024;13:00:00;0.00;307.00;378.45
22/05/2024;14:00:00;0.00;305.00;374.56
22/05/2024;15:00:00;0.00;304.00;372.62
22/05/2024;16:00:00;0.00;303.00;370.69
22/05/2024;17:00:00;0.00;302.00;368.76
22/05/2024;18:00:00;0.00;300.00;364.91
22/05/2024;19:00:00;0.00;298.00;360.82
22/05/2024;20:00:00;0.00;297.00;358.22
22/05/2024;21:00:00;0.00;295.00;353.03
22/05/2024;22:00:00;0.00;294.00;350.45
22/05/2024;23:00:00;0.00;293.00;347.88
23/05/2024;00:00:00;0.00;292.00;345.31
23/05/2024;01:00:00;0.00;291.00;342.75
23/05/2024;02:00:00;0.00;289.00;337.65
23/05/2024;03:00:00;0.00;288.00;335.11
23/05/2024;04:00:00;0.00;286.00;330.05
23/05/2024;05:00:00;0.00;285.00;327.54
23/05/2024;06:00:00;0.00;284.00;325.03
23/05/2024;07:00:00;0.00;283.00;322.52
23/05/2024;08:00:00;0.00;281.00;317.54
23/05/2024;09:00:00;0.00;280.00;315.06
23/05/2024;10:00:00;0.00;279.00;312.59
23/05/2024;11:00:00;0.00;278.00;310.12
23/05/2024;12:00:00;0.00;277.00;307.66
23/05/2024;13:00:00;0.00;275.00;302.76
23/05/2024;14:00:00;0.00;274.00;300.33
23/05/2024;15:00:00;0.00;273.00;297.90
23/05/2024;16:00:00;0.60;273.00;297.90
23/05/2024;17:00:00;0.20;272.00;295.48
23/05/2024;18:00:00;0.20;270.00;290.66
23/05/2024;19:00:00;2.20;270.00;290.66
23/05/2024;20:00:00;4.40;270.00;290.66
23/05/2024;21:00:00;4.80;270.00;290.66
23/05/2024;22:00:00;4.40;272.00;295.48
23/05/2024;23:00:00;0.80;277.00;307.66
24/05/2024;00:00:00;3.60;284.00;325.03
24/05/2024;01:00:00;0.40;292.00;345.31
24/05/2024;02:00:00;0.00;302.00;368.76
24/05/2024;03:00:00;0.00;314.00;392.22
24/05/2024;04:00:00;0.00;324.00;412.27
24/05/2024;05:00:00;0.00;336.00;436.94
24/05/2024;06:00:00;0.00;358.00;483.86
24/05/2024;07:00:00;0.00;378.00;528.39
24/05/2024;08:00:00;0.00;399.00;577.08
24/05/2024;09:00:00;0.00;414.00;613.05
24/05/2024;10:00:00;0.00;419.00;625.26
24/05/2024;11:00:00;0.00;420.00;627.71
24/05/2024;12:00:00;0.00;427.00;645.02
24/05/2024;13:00:00;0.00;455.00;716.40
24/05/2024;14:00:00;0.00;492.00;815.94
24/05/2024;15:00:00;0.00;523.00;903.87
24/05/2024;16:00:00;0.00;535.00;939.01
24/05/2024;17:00:00;0.40;534.00;936.05
24/05/2024;18:00:00;0.40;530.00;924.29
24/05/2024;19:00:00;0.00;526.00;912.60
24/05/2024;20:00:00;0.00;518.00;889.41
24/05/2024;21:00:00;0.00;509.00;863.65
24/05/2024;22:00:00;0.00;499.00;835.44
24/05/2024;23:00:00;0.00;487.00;802.15
25/05/2024;00:00:00;0.00;476.00;772.17
25/05/2024;01:00:00;0.00;463.00;737.42
25/05/2024;02:00:00;0.00;451.00;706.00
25/05/2024;03:00:00;0.00;438.00;672.66
25/05/2024;04:00:00;0.00;427.00;645.02
25/05/2024;05:00:00;0.00;417.00;620.36
25/05/2024;06:00:00;0.00;407.00;596.14
25/05/2024;07:00:00;0.20;398.00;574.72
25/05/2024;08:00:00;0.00;391.00;558.30
25/05/2024;09:00:00;0.00;383.00;539.81
25/05/2024;10:00:00;0.00;377.00;526.12
25/05/2024;11:00:00;0.00;372.00;514.84
25/05/2024;12:00:00;0.00;367.00;503.68
25/05/2024;13:00:00;0.00;362.00;492.62
25/05/2024;14:00:00;0.00;357.00;481.68
25/05/2024;15:00:00;0.00;353.00;473.00
25/05/2024;16:00:00;0.00;350.00;466.54
25/05/2024;17:00:00;0.00;347.00;460.13
25/05/2024;18:00:00;0.00;344.00;453.75
25/05/2024;19:00:00;0.00;341.00;447.41
25/05/2024;20:00:00;0.00;339.00;443.21
25/05/2024;21:00:00;0.00;335.00;434.86
25/05/2024;22:00:00;0.00;333.00;430.71
25/05/2024;23:00:00;0.00;330.00;424.52
26/05/2024;00:00:00;0.00;327.00;418.38
26/05/2024;01:00:00;0.00;325.00;414.30
26/05/2024;02:00:00;0.00;322.00;408.23
26/05/2024;03:00:00;0.00;320.00;404.20
26/05/2024;04:00:00;0.00;317.00;398.19
26/05/2024;05:00:00;0.00;315.00;394.20
26/05/2024;06:00:00;0.00;312.00;388.26
26/05/2024;07:00:00;0.00;310.00;384.32
26/05/2024;08:00:00;0.00;308.00;380.40
26/05/2024;09:00:00;0.00;305.00;374.56
26/05/2024;10:00:00;0.00;303.00;370.69
26/05/2024;11:00:00;0.00;301.00;366.83
26/05/2024;12:00:00;0.00;299.00;363.43
26/05/2024;13:00:00;0.00;297.00;358.22
26/05/2024;14:00:00;0.00;295.00;353.03
26/05/2024;15:00:00;0.00;294.00;350.45
26/05/2024;16:00:00;0.00;292.00;345.31
26/05/2024;17:00:00;0.00;291.00;342.75
26/05/2024;18:00:00;0.00;289.00;337.65
26/05/2024;19:00:00;0.00;288.00;335.11
26/05/2024;20:00:00;0.00;286.00;330.05
26/05/2024;21:00:00;0.00;284.00;325.03
26/05/2024;22:00:00;0.00;283.00;322.52
26/05/2024;23:00:00;0.00;281.00;317.54
27/05/2024;00:00:00;0.00;280.00;315.06
27/05/2024;01:00:00;0.00;278.00;310.12
27/05/2024;02:00:00;0.20;277.00;307.66
27/05/2024;03:00:00;0.00;277.00;307.66
27/05/2024;04:00:00;0.40;275.00;302.76
27/05/2024;05:00:00;0.40;274.00;300.33
27/05/2024;06:00:00;1.20;273.00;297.90
27/05/2024;07:00:00;0.00;272.00;295.48
27/05/2024;08:00:00;0.80;271.00;293.06
27/05/2024;09:00:00;0.40;270.00;290.66
27/05/2024;10:00:00;1.20;270.00;290.66
27/05/2024;11:00:00;0.00;269.00;288.26
27/05/2024;12:00:00;0.00;268.00;285.86
27/05/2024;13:00:00;0.00;267.00;283.48
27/05/2024;14:00:00;0.80;267.00;283.48
27/05/2024;15:00:00;0.80;267.00;283.48
27/05/2024;16:00:00;1.40;267.00;283.48
27/05/2024;17:00:00;1.00;267.00;283.48
27/05/2024;18:00:00;0.80;267.00;283.48
27/05/2024;19:00:00;0.00;267.00;283.48
27/05/2024;20:00:00;3.80;269.00;288.26
27/05/2024;21:00:00;1.00;270.00;290.66
27/05/2024;22:00:00;0.00;272.00;295.48
27/05/2024;23:00:00;0.20;273.00;297.90
28/05/2024;00:00:00;0.00;275.00;302.76
28/05/2024;01:00:00;0.00;277.00;307.66
28/05/2024;02:00:00;0.20;278.00;310.12
28/05/2024;03:00:00;0.00;280.00;315.06
28/05/2024;04:00:00;0.00;282.00;320.03
28/05/2024;05:00:00;0.00;283.00;322.52
28/05/2024;06:00:00;0.00;285.00;327.54
28/05/2024;07:00:00;0.00;286.00;330.05
28/05/2024;08:00:00;0.00;288.00;335.11
28/05/2024;09:00:00;0.00;288.00;335.11
28/05/2024;10:00:00;0.00;289.00;337.65
28/05/2024;11:00:00;0.00;290.00;
28/05/2024;12:00:00;0.00;291.00;
28/05/2024;13:00:00;0.00;294.00;
28/05/2024;14:00:00;0.00;298.00;
28/05/2024;15:00:00;0.00;303.00;
28/05/2024;16:00:00;0.00;307.00;
28/05/2024;17:00:00;0.00;311.00;
28/05/2024;18:00:00;0.00;315.00;
28/05/2024;19:00:00;0.00;317.00;
28/05/2024;20:00:00;0.00;320.00;
28/05/2024;21:00:00;0.00;320.00;
28/05/2024;22:00:00;0.00;320.00;
28/05/2024;23:00:00;0.00;319.00;
29/05/2024;00:00:00;0.00;317.00;
29/05/2024;01:00:00;0.00;316.00;
29/05/2024;02:00:00;0.00;313.00;
29/05/2024;03:00:00;0.00;311.00;
29/05/2024;04:00:00;0.00;308.00;
29/05/2024;05:00:00;0.00;306.00;
29/05/2024;06:00:00;0.00;303.00;
29/05/2024;07:00:00;0.00;302.00;
29/05/2024;08:00:00;0.00;299.00;
29/05/2024;09:00:00;0.00;297.00;
29/05/2024;10:00:00;0.00;294.00;
29/05/2024;11:00:00;0.00;292.00;
29/05/2024;12:00:00;0.00;290.00;
29/05/2024;13:00:00;0.00;288.00;
29/05/2024;14:00:00;0.00;286.00;
29/05/2024;15:00:00;0.00;284.00;
29/05/2024;16:00:00;0.00;283.00;
29/05/2024;17:00:00;0.00;282.00;
29/05/2024;18:00:00;0.00;281.00;
29/05/2024;19:00:00;0.00;279.00;
29/05/2024;20:00:00;0.00;278.00;
29/05/2024;21:00:00;0.00;277.00;
29/05/2024;22:00:00;0.00;275.00;
29/05/2024;23:00:00;0.00;274.00;
30/05/2024;00:00:00;0.00;273.00;
30/05/2024;01:00:00;0.00;272.00;
30/05/2024;02:00:00;0.00;270.00;
30/05/2024;03:00:00;0.00;269.00;
30/05/2024;04:00:00;0.00;268.00;
30/05/2024;05:00:00;0.00;267.00;
30/05/2024;06:00:00;0.00;266.00;
30/05/2024;07:00:00;0.00;265.00;
30/05/2024;08:00:00;0.00;264.00;
30/05/2024;09:00:00;0.00;263.00;
30/05/2024;10:00:00;0.00;262.00;
30/05/2024;11:00:00;0.00;260.00;
30/05/2024;12:00:00;0.00;259.00;
30/05/2024;13:00:00;0.00;258.00;
30/05/2024;14:00:00;0.00;257.00;
30/05/2024;15:00:00;0.00;256.00;
30/05/2024;16:00:00;0.00;256.00;
30/05/2024;17:00:00;0.00;255.00;
30/05/2024;18:00:00;0.00;255.00;
30/05/2024;19:00:00;0.00;254.00;
30/05/2024;20:00:00;0.00;253.00;
30/05/2024;21:00:00;0.00;252.00;
30/05/2024;22:00:00;0.00;251.00;
30/05/2024;23:00:00;0.00;250.00;
31/05/2024;00:00:00;0.00;250.00;
